Workbook

Sheet 问题台账
A1: 问题整改闭环记录（分类跟踪）
A2: 项目名称：＿＿＿＿＿＿＿＿ 样机批次：＿＿＿＿ 验证阶段：£原理验证/方案验证（EVT） £设计定型/客户送样（DVT） £客户试产支持（如涉及）（PVT） 记录人：＿＿＿＿ 编制日期：＿＿＿＿
A3: 填写说明：每发现一个样机问题填写一行；「整改状态」为 已关闭 即完成闭环。前 3 行为示例（灰色），可删除后录入实际数据。
A4: 序号 | B4: 问题分类 | C4: 问题等级 | D4: 样机编号 | E4: 问题发生部位 | F4: 问题描述 | G4: 发现日期 | H4: 发现人 | I4: 原因分析 | J4: 整改措施 | K4: 整改责任人 | L4: 整改部门 | M4: 计划完成日期 | N4: 实际完成日期 | O4: 整改状态 | P4: 验证方式 | Q4: 验证结果 | R4: 验证人 | S4: 关闭日期 | T4: 备注
A5: =ROW()-4 -> 1 | B5: 机械结构 | C5: 严重 | D5: MVP-001 | E5: 电机端盖轴承室 | F5: 高速运转时轴承端盖处异响，温升超标（实测 92℃，限值 75℃） | G5: 2026-08-01 | H5: 张工 | I5: 轴承游隙选型偏小，端盖止口配合过盈量不足导致轴系径向跳动 | J5: 更换 C3 游隙轴承，端盖止口过盈量由 0.01mm 调整为 0.03mm，复测配合尺寸 | K5: 李四 | L5: 机械设计部 | M5: 2026-08-10 | N5: 2026-08-08 | O5: 已关闭 | P5: 整机 8h 连续运转复测 | Q5: 通过 | R5: 王工 | S5: 2026-08-12 | T5: 整改单编号 ZG-2026-001
A6: =ROW()-4 -> 2 | B6: 电气系统 | C6: 一般 | D6: MVP-001 | E6: 控制器 IGBT 散热器 | F6: 满载运行 30min 后 IGBT 壳体温度偏高（88℃），热设计裕量不足 | G6: 2026-08-02 | H6: 赵工 | I6: 散热器翅片面积偏小，风道风速未达设计值 | J6: 散热器加厚 30%，优化风道导流板，实测温升下降 15℃ | K6: 孙七 | L6: 电气工程部 | M6: 2026-08-15 | O6: 待验证 | P6: 满载 2h 温升复测 | T6: 更换件已到位，待复测
A7: =ROW()-4 -> 3 | B7: 软件算法 | C7: 一般 | D7: MVP-001 | E7: 控制器控制板 | F7: 低速大扭矩工况下偶发过流保护误动作，重启后恢复 | G7: 2026-08-03 | H7: 周工 | I7: 电流采样滤波系数偏小，低速下采样噪声被误判为过流 | J7: 优化滤波算法并增加去抖窗口，台架 200 次低速工况循环验证 | K7: 吴九 | L7: 软件部 | M7: 2026-08-18 | O7: 整改中 | T7: 代码已合入，测试中
A8: =ROW()-4 -> 4
A9: =ROW()-4 -> 5
A10: =ROW()-4 -> 6
A11: =ROW()-4 -> 7
A12: =ROW()-4 -> 8
A13: =ROW()-4 -> 9
A14: =ROW()-4 -> 10
A15: =ROW()-4 -> 11
A16: =ROW()-4 -> 12
A17: =ROW()-4 -> 13
A18: =ROW()-4 -> 14
A19: =ROW()-4 -> 15
... A34: =ROW()-4 -> 30

Sheet 分类统计
A1: 问题分类跟踪统计（自动计算）
A2: 问题分类 | B2: 问题总数 | C2: 已关闭 | D2: 待验证 | E2: 整改中 | F2: 待整改 | G2: 关闭率
A3: 机械结构 | B3: =COUNTIF(问题台账!$B$5:$B$200,A3) -> 1 | C3: =COUNTIFS(问题台账!$B$5:$B$200,A3,问题台账!$O$5:$O$200,"已关闭") -> 1 | D3: =COUNTIFS(问题台账!$B$5:$B$200,A3,问题台账!$O$5:$O$200,"待验证") -> 0 | E3: =COUNTIFS(问题台账!$B$5:$B$200,A3,问题台账!$O$5:$O$200,"整改中") -> 0 | F3: =COUNTIFS(问题台账!$B$5:$B$200,A3,问题台账!$O$5:$O$200,"待整改") -> 0 | G3: =IF(B3=0,"",C3/B3) -> 1
A4: 电气系统 | B4: =COUNTIF(问题台账!$B$5:$B$200,A4) -> 1 | C4: =COUNTIFS(问题台账!$B$5:$B$200,A4,问题台账!$O$5:$O$200,"已关闭") -> 0 | D4: =COUNTIFS(问题台账!$B$5:$B$200,A4,问题台账!$O$5:$O$200,"待验证") -> 1 | E4: =COUNTIFS(问题台账!$B$5:$B$200,A4,问题台账!$O$5:$O$200,"整改中") -> 0 | F4: =COUNTIFS(问题台账!$B$5:$B$200,A4,问题台账!$O$5:$O$200,"待整改") -> 0 | G4: =IF(B4=0,"",C4/B4) -> 0
A5: 软件算法 | B5: =COUNTIF(问题台账!$B$5:$B$200,A5) -> 1 | C5: =COUNTIFS(问题台账!$B$5:$B$200,A5,问题台账!$O$5:$O$200,"已关闭") -> 0 | D5: =COUNTIFS(问题台账!$B$5:$B$200,A5,问题台账!$O$5:$O$200,"待验证") -> 0 | E5: =COUNTIFS(问题台账!$B$5:$B$200,A5,问题台账!$O$5:$O$200,"整改中") -> 1 | F5: =COUNTIFS(问题台账!$B$5:$B$200,A5,问题台账!$O$5:$O$200,"待整改") -> 0 | G5: =IF(B5=0,"",C5/B5) -> 0
A6: 制造工艺 | B6: =COUNTIF(问题台账!$B$5:$B$200,A6) -> 0 | C6: =COUNTIFS(问题台账!$B$5:$B$200,A6,问题台账!$O$5:$O$200,"已关闭") -> 0 | D6: =COUNTIFS(问题台账!$B$5:$B$200,A6,问题台账!$O$5:$O$200,"待验证") -> 0 | E6: =COUNTIFS(问题台账!$B$5:$B$200,A6,问题台账!$O$5:$O$200,"整改中") -> 0 | F6: =COUNTIFS(问题台账!$B$5:$B$200,A6,问题台账!$O$5:$O$200,"待整改") -> 0 | G6: =IF(B6=0,"",C6/B6)
A7: 物料质量 | B7: =COUNTIF(问题台账!$B$5:$B$200,A7) -> 0 | C7: =COUNTIFS(问题台账!$B$5:$B$200,A7,问题台账!$O$5:$O$200,"已关闭") -> 0 | D7: =COUNTIFS(问题台账!$B$5:$B$200,A7,问题台账!$O$5:$O$200,"待验证") -> 0 | E7: =COUNTIFS(问题台账!$B$5:$B$200,A7,问题台账!$O$5:$O$200,"整改中") -> 0 | F7: =COUNTIFS(问题台账!$B$5:$B$200,A7,问题台账!$O$5:$O$200,"待整改") -> 0 | G7: =IF(B7=0,"",C7/B7)
A8: 安全法规 | B8: =COUNTIF(问题台账!$B$5:$B$200,A8) -> 0 | C8: =COUNTIFS(问题台账!$B$5:$B$200,A8,问题台账!$O$5:$O$200,"已关闭") -> 0 | D8: =COUNTIFS(问题台账!$B$5:$B$200,A8,问题台账!$O$5:$O$200,"待验证") -> 0 | E8: =COUNTIFS(问题台账!$B$5:$B$200,A8,问题台账!$O$5:$O$200,"整改中") -> 0 | F8: =COUNTIFS(问题台账!$B$5:$B$200,A8,问题台账!$O$5:$O$200,"待整改") -> 0 | G8: =IF(B8=0,"",C8/B8)
A9: 其他 | B9: =COUNTIF(问题台账!$B$5:$B$200,A9) -> 0 | C9: =COUNTIFS(问题台账!$B$5:$B$200,A9,问题台账!$O$5:$O$200,"已关闭") -> 0 | D9: =COUNTIFS(问题台账!$B$5:$B$200,A9,问题台账!$O$5:$O$200,"待验证") -> 0 | E9: =COUNTIFS(问题台账!$B$5:$B$200,A9,问题台账!$O$5:$O$200,"整改中") -> 0 | F9: =COUNTIFS(问题台账!$B$5:$B$200,A9,问题台账!$O$5:$O$200,"待整改") -> 0 | G9: =IF(B9=0,"",C9/B9)
A10: 合计 | B10: =SUM(B3:B9) -> 3 | C10: =SUM(C3:C9) -> 1 | D10: =SUM(D3:D9) -> 1 | E10: =SUM(E3:E9) -> 1 | F10: =SUM(F3:F9) -> 0 | G10: =IF(B10=0,"",C10/B10) -> 0.33333333
